comments_setor publico,freq
renovávei,2
emissõ,2
ser,2
execução,2
investimento,2
acredito,2
energia,2
aumentar,1
co2,1
segurança,1
permanent,1
diminuir,1
alimentar,1
energética,1
pái,1
podem,1
contribuição,1
deve,1
horizont,1
reavaliação,1
familiar,1
cada,1
5,1
ano,1
important,1
prever,1
política,1
efetiva,1
voltada,1
desenvolvimento,1
font,1
meta,1
açõ,1
agricultura,1
maturação,1
estará,1
invariavelment,1
condicionado,1
quantificação,1
redução,1
setori,1
modificaçõ,1
estruturai,1
difícil,1
prazo,1
maior,1
tempor,1
ness,1
sentido,1
devem,1
aplicado,1
múltiplo,1
período,1
acordo,1
modalidad,1
quantificadora,1
tempo,1
limpa,1
